Source,Target,Type,Id,Label,timeset,Weight
309465948484959228,10575618967084374810,Directed,0,,,1
10968655744279111124,309465948484959228,Directed,1,,,1
8806179668866587042,309465948484959228,Directed,2,,,1
14892727334694246454,309465948484959228,Directed,3,,,1
1025277034193749545,309465948484959228,Directed,4,,,1
1025277034193749545,376644887802404590,Directed,5,,,1
1025277034193749545,13230951103077993451,Directed,6,,,1
17367700807851373390,309465948484959228,Directed,7,,,1
17367700807851373390,6901975809312717060,Directed,8,,,1
11412301921730810009,309465948484959228,Directed,9,,,1
7135362856131197220,309465948484959228,Directed,10,,,1
1007530986899796017,309465948484959228,Directed,11,,,1
1007530986899796017,13230951103077993451,Directed,12,,,1
1007530986899796017,6901975809312717060,Directed,13,,,1
1007530986899796017,10575618967084374810,Directed,14,,,1
9606610618249911204,309465948484959228,Directed,15,,,1
3095398255782451396,309465948484959228,Directed,16,,,1
16125824443143660380,309465948484959228,Directed,17,,,1
16125824443143660380,9156545252314658896,Directed,18,,,1
QGyFMj3IjJ8J,309465948484959228,Directed,19,,,1
rkPkWYCX0LYJ,309465948484959228,Directed,20,,,1
17052735400587384238,309465948484959228,Directed,21,,,1
17052735400587384238,376644887802404590,Directed,22,,,1
1UswgXWsBHYJ,309465948484959228,Directed,23,,,1
207357673173113240,309465948484959228,Directed,24,,,1
2693899148233867062,309465948484959228,Directed,25,,,1
2693899148233867062,376644887802404590,Directed,26,,,1
2693899148233867062,10575618967084374810,Directed,27,,,1
wvsR1uqJE5gJ,309465948484959228,Directed,28,,,1
N9yj7mstn6QJ,309465948484959228,Directed,29,,,1
N9yj7mstn6QJ,376644887802404590,Directed,30,,,1
N9yj7mstn6QJ,13230951103077993451,Directed,31,,,1
N9yj7mstn6QJ,16084356933175705347,Directed,32,,,1
N9yj7mstn6QJ,10221060025338109378,Directed,33,,,1
N9yj7mstn6QJ,16375745284448186373,Directed,34,,,1
12726324557608836938,309465948484959228,Directed,35,,,1
10580472123093954114,309465948484959228,Directed,36,,,1
376644887802404590,10575618967084374810,Directed,37,,,1
10876172648958321983,376644887802404590,Directed,38,,,1
7509802387459329838,376644887802404590,Directed,39,,,1
7509802387459329838,10575618967084374810,Directed,40,,,1
16352548098774951757,376644887802404590,Directed,41,,,1
16352548098774951757,10575618967084374810,Directed,42,,,1
16352548098774951757,13230951103077993451,Directed,43,,,1
16352548098774951757,14493220931114806974,Directed,44,,,1
5578105239372913931,376644887802404590,Directed,45,,,1
26-0QBcJJVUJ,376644887802404590,Directed,46,,,1
oLk5GO8e4sgJ,376644887802404590,Directed,47,,,1
OxUaAMvDLKoJ,10575618967084374810,Directed,48,,,1
ZPggPmqVa50J,10575618967084374810,Directed,49,,,1
7210908967924699948,10575618967084374810,Directed,50,,,1
qW2UX0zaVMkJ,16352548098774951757,Directed,51,,,1
qW2UX0zaVMkJ,14493220931114806974,Directed,52,,,1
qW2UX0zaVMkJ,11313034837014087776,Directed,53,,,1
qW2UX0zaVMkJ,2177446684721031650,Directed,54,,,1
2894139658668164355,16352548098774951757,Directed,55,,,1
2540838806052492447,16352548098774951757,Directed,56,,,1
14094794205238723258,16352548098774951757,Directed,57,,,1
10715143578409363669,10575618967084374810,Directed,58,,,1
10715143578409363669,13230951103077993451,Directed,59,,,1
10715143578409363669,3191250871139116612,Directed,60,,,1
13288881791138458174,10575618967084374810,Directed,61,,,1
7113549381788886140,13288881791138458174,Directed,62,,,1
13230951103077993451,10575618967084374810,Directed,63,,,1
16633507849877549198,13230951103077993451,Directed,64,,,1
11194322842284393924,13230951103077993451,Directed,65,,,1
11445459027227324023,13230951103077993451,Directed,66,,,1
15484264511808540750,13230951103077993451,Directed,67,,,1
15254163185910125375,13230951103077993451,Directed,68,,,1
5210563758819857730,13230951103077993451,Directed,69,,,1
742178239303769082,13230951103077993451,Directed,70,,,1
16327836079221422907,13230951103077993451,Directed,71,,,1
16543572225114316067,13230951103077993451,Directed,72,,,1
18278394461278290362,13230951103077993451,Directed,73,,,1
6605595135074792357,13230951103077993451,Directed,74,,,1
5683343402640154797,13230951103077993451,Directed,75,,,1
7309753266336658162,13230951103077993451,Directed,76,,,1
229884749011271816,13230951103077993451,Directed,77,,,1
4437714280384758913,13230951103077993451,Directed,78,,,1
13337188062362081837,13230951103077993451,Directed,79,,,1
5870748882954629246,13230951103077993451,Directed,80,,,1
3737563871689069962,13230951103077993451,Directed,81,,,1
18231666974844057943,13230951103077993451,Directed,82,,,1
16052145943614812674,13230951103077993451,Directed,83,,,1
10403355975670224455,13230951103077993451,Directed,84,,,1
17086123599483537088,13230951103077993451,Directed,85,,,1
4454276404785021937,13230951103077993451,Directed,86,,,1
10663686731465877852,13230951103077993451,Directed,87,,,1
5180525354565346584,13230951103077993451,Directed,88,,,1
31469070726526529,13230951103077993451,Directed,89,,,1
8019244537507038571,13230951103077993451,Directed,90,,,1
6502293804075781606,13230951103077993451,Directed,91,,,1
UdJBBEsH1D8J,13230951103077993451,Directed,92,,,1
16665654559753919404,13230951103077993451,Directed,93,,,1
14785106857361821746,13230951103077993451,Directed,94,,,1
2197600058561458964,13230951103077993451,Directed,95,,,1
IcgsIWzhjLAJ,13230951103077993451,Directed,96,,,1
8230702273865740056,13230951103077993451,Directed,97,,,1
nzlCV92r-RkJ,13230951103077993451,Directed,98,,,1
8629743885287177215,13230951103077993451,Directed,99,,,1
zCM4e_HsrywJ,13230951103077993451,Directed,100,,,1
zCM4e_HsrywJ,3191250871139116612,Directed,101,,,1
17945208938221125918,13230951103077993451,Directed,102,,,1
17945208938221125918,10575618967084374810,Directed,103,,,1
17945208938221125918,9156545252314658896,Directed,104,,,1
453210496514247005,13230951103077993451,Directed,105,,,1
7174430390569818152,13230951103077993451,Directed,106,,,1
17552253593608066643,13230951103077993451,Directed,107,,,1
-Qv5y9UJvIUJ,13230951103077993451,Directed,108,,,1
jrlqzQKhM2gJ,13230951103077993451,Directed,109,,,1
wr1H7CtlgVUJ,13230951103077993451,Directed,110,,,1
T9Kf8ZaEvvwJ,13230951103077993451,Directed,111,,,1
405011657799567952,13230951103077993451,Directed,112,,,1
9WYXDTtFr2IJ,13230951103077993451,Directed,113,,,1
15153805615767020247,13230951103077993451,Directed,114,,,1
8849287307613578753,13230951103077993451,Directed,115,,,1
15685471411510871158,13230951103077993451,Directed,116,,,1
14758328030547310953,10575618967084374810,Directed,117,,,1
14300935137763070876,10575618967084374810,Directed,118,,,1
6573086227534232979,14300935137763070876,Directed,119,,,1
5728659357331821601,14300935137763070876,Directed,120,,,1
5867404657533003269,14300935137763070876,Directed,121,,,1
6391367230468274691,14300935137763070876,Directed,122,,,1
14076934593448145046,14300935137763070876,Directed,123,,,1
vH-jBYRZW_cJ,14300935137763070876,Directed,124,,,1
_HaLLkG5MNoJ,14300935137763070876,Directed,125,,,1
6901975809312717060,10575618967084374810,Directed,126,,,1
5163600057109302125,6901975809312717060,Directed,127,,,1
15707156897107808240,6901975809312717060,Directed,128,,,1
15696135554121994919,6901975809312717060,Directed,129,,,1
10221060025338109378,6901975809312717060,Directed,130,,,1
10221060025338109378,10575618967084374810,Directed,131,,,1
4304886035484952714,6901975809312717060,Directed,132,,,1
14214895860982805071,6901975809312717060,Directed,133,,,1
14214895860982805071,10221060025338109378,Directed,134,,,1
18359711797090835269,6901975809312717060,Directed,135,,,1
18359711797090835269,16375745284448186373,Directed,136,,,1
14896385922888240255,6901975809312717060,Directed,137,,,1
7952175357145694059,6901975809312717060,Directed,138,,,1
12354849325582473878,6901975809312717060,Directed,139,,,1
5360912325380121559,6901975809312717060,Directed,140,,,1
16056469161840070763,6901975809312717060,Directed,141,,,1
5586627997466789340,6901975809312717060,Directed,142,,,1
17740597808309278916,6901975809312717060,Directed,143,,,1
8189036506306177345,6901975809312717060,Directed,144,,,1
13558749264549897793,6901975809312717060,Directed,145,,,1
3286636256428493349,6901975809312717060,Directed,146,,,1
3872624143988400566,6901975809312717060,Directed,147,,,1
3872624143988400566,10221060025338109378,Directed,148,,,1
5404779082113095311,6901975809312717060,Directed,149,,,1
12476291737375355262,6901975809312717060,Directed,150,,,1
6171766312584743102,6901975809312717060,Directed,151,,,1
6171766312584743102,10575618967084374810,Directed,152,,,1
9118161616480609772,6901975809312717060,Directed,153,,,1
880615890935222783,6901975809312717060,Directed,154,,,1
10995137307324155283,6901975809312717060,Directed,155,,,1
529906159606762723,6901975809312717060,Directed,156,,,1
7848149905949919550,6901975809312717060,Directed,157,,,1
7848149905949919550,3191250871139116612,Directed,158,,,1
7848149905949919550,16375745284448186373,Directed,159,,,1
11580008218931358977,6901975809312717060,Directed,160,,,1
2439304787288676378,6901975809312717060,Directed,161,,,1
12969695735231074521,6901975809312717060,Directed,162,,,1
12969695735231074521,10221060025338109378,Directed,163,,,1
12336397087444039246,6901975809312717060,Directed,164,,,1
733957371652754898,6901975809312717060,Directed,165,,,1
6879664526571743072,6901975809312717060,Directed,166,,,1
8800824690521966377,6901975809312717060,Directed,167,,,1
2838121791161701595,6901975809312717060,Directed,168,,,1
2979567464649919563,6901975809312717060,Directed,169,,,1
8903507547120164501,6901975809312717060,Directed,170,,,1
16523572065827644239,6901975809312717060,Directed,171,,,1
16523572065827644239,4551366783092847244,Directed,172,,,1
8428270821060522981,6901975809312717060,Directed,173,,,1
10820335732888021247,6901975809312717060,Directed,174,,,1
4124772923485726292,6901975809312717060,Directed,175,,,1
17105985554804100934,6901975809312717060,Directed,176,,,1
17105985554804100934,10221060025338109378,Directed,177,,,1
11319011892648443325,6901975809312717060,Directed,178,,,1
4551366783092847244,6901975809312717060,Directed,179,,,1
4551366783092847244,10575618967084374810,Directed,180,,,1
4128295651681827319,6901975809312717060,Directed,181,,,1
15867399075332861007,6901975809312717060,Directed,182,,,1
1422777088472492564,6901975809312717060,Directed,183,,,1
15077885665244335357,6901975809312717060,Directed,184,,,1
8835745171721880515,6901975809312717060,Directed,185,,,1
8835745171721880515,4551366783092847244,Directed,186,,,1
9043608923908193740,6901975809312717060,Directed,187,,,1
6124655438337644040,6901975809312717060,Directed,188,,,1
6124655438337644040,9156545252314658896,Directed,189,,,1
6124655438337644040,10575618967084374810,Directed,190,,,1
6124655438337644040,6171766312584743102,Directed,191,,,1
8195143393224561045,6901975809312717060,Directed,192,,,1
8195143393224561045,10221060025338109378,Directed,193,,,1
16958973745227123371,6901975809312717060,Directed,194,,,1
18277789517084141000,6901975809312717060,Directed,195,,,1
18336088562496710400,6901975809312717060,Directed,196,,,1
7590837767269454009,6901975809312717060,Directed,197,,,1
9901413418361867099,6901975809312717060,Directed,198,,,1
11138435352069286695,6901975809312717060,Directed,199,,,1
12345470017245104904,6901975809312717060,Directed,200,,,1
10355584993236235184,6901975809312717060,Directed,201,,,1
8723130467358912688,6901975809312717060,Directed,202,,,1
8723130467358912688,10221060025338109378,Directed,203,,,1
17895165082801082745,6901975809312717060,Directed,204,,,1
12982955281493896538,6901975809312717060,Directed,205,,,1
13693801351777273057,6901975809312717060,Directed,206,,,1
13280795523059007762,6901975809312717060,Directed,207,,,1
14608790395867664517,6901975809312717060,Directed,208,,,1
12821137480683801348,6901975809312717060,Directed,209,,,1
1619129574691659950,6901975809312717060,Directed,210,,,1
PlNbC84tbncJ,6901975809312717060,Directed,211,,,1
7329608226278400123,6901975809312717060,Directed,212,,,1
gWC6DqM63R0J,6901975809312717060,Directed,213,,,1
gWC6DqM63R0J,4551366783092847244,Directed,214,,,1
17051371377793862284,6901975809312717060,Directed,215,,,1
13589704943557500270,6901975809312717060,Directed,216,,,1
3331546015231575622,6901975809312717060,Directed,217,,,1
17194527246597457501,6901975809312717060,Directed,218,,,1
17194527246597457501,10221060025338109378,Directed,219,,,1
tyh0NKPHvBAJ,6901975809312717060,Directed,220,,,1
tyh0NKPHvBAJ,9156545252314658896,Directed,221,,,1
6908472570296975629,6901975809312717060,Directed,222,,,1
16788543813951468908,6901975809312717060,Directed,223,,,1
12420857477563177722,6901975809312717060,Directed,224,,,1
2027591419615793123,6901975809312717060,Directed,225,,,1
7677062599259650724,6901975809312717060,Directed,226,,,1
15398115484699778716,6901975809312717060,Directed,227,,,1
1683233062717702430,6901975809312717060,Directed,228,,,1
mpitcwTuVKIJ,6901975809312717060,Directed,229,,,1
18298611482581918715,6901975809312717060,Directed,230,,,1
3I5yd5nI78IJ,6901975809312717060,Directed,231,,,1
KHLyexD2gx8J,6901975809312717060,Directed,232,,,1
10725768396699496748,6901975809312717060,Directed,233,,,1
2ciHiSlWsmEJ,6901975809312717060,Directed,234,,,1
11201484785765800872,6901975809312717060,Directed,235,,,1
6902251805754827140,6901975809312717060,Directed,236,,,1
GvTumICVePMJ,6901975809312717060,Directed,237,,,1
GvTumICVePMJ,10221060025338109378,Directed,238,,,1
10985027874808447847,6901975809312717060,Directed,239,,,1
bnhRplTJF84J,6901975809312717060,Directed,240,,,1
11007810636232646540,6901975809312717060,Directed,241,,,1
jBXLqJG3dbEJ,6901975809312717060,Directed,242,,,1
13833000339297390163,6901975809312717060,Directed,243,,,1
14293241282379239549,6901975809312717060,Directed,244,,,1
4JurreYH0IIJ,6901975809312717060,Directed,245,,,1
ytHSrfhucpoJ,6901975809312717060,Directed,246,,,1
E-str9k0uk0J,6901975809312717060,Directed,247,,,1
E-str9k0uk0J,3191250871139116612,Directed,248,,,1
E-str9k0uk0J,16375745284448186373,Directed,249,,,1
6184531263175023741,6901975809312717060,Directed,250,,,1
aoyqvWwYPtIJ,6901975809312717060,Directed,251,,,1
5047602735265133008,6901975809312717060,Directed,252,,,1
5047602735265133008,10221060025338109378,Directed,253,,,1
DNOqw-r3BbQJ,6901975809312717060,Directed,254,,,1
15508210195694152992,6901975809312717060,Directed,255,,,1
iOXsytB1JlQJ,6901975809312717060,Directed,256,,,1
Cnmm1u7dDXgJ,6901975809312717060,Directed,257,,,1
Mpwd1xZtaosJ,6901975809312717060,Directed,258,,,1
KG0B2SMQDi0J,6901975809312717060,Directed,259,,,1
ao_S4j6E_cQJ,6901975809312717060,Directed,260,,,1
ao_S4j6E_cQJ,10221060025338109378,Directed,261,,,1
LGai5lZcDDAJ,6901975809312717060,Directed,262,,,1
ml02593N6GgJ,6901975809312717060,Directed,263,,,1
-G4U6G4MVogJ,6901975809312717060,Directed,264,,,1
-Iue6OCf5-IJ,6901975809312717060,Directed,265,,,1
14598120357261771998,6901975809312717060,Directed,266,,,1
MvVg8XMF0pkJ,6901975809312717060,Directed,267,,,1
JG_y8qI_H5IJ,6901975809312717060,Directed,268,,,1
16326844359045887059,6901975809312717060,Directed,269,,,1
6kiI-d-sU4oJ,6901975809312717060,Directed,270,,,1
6kiI-d-sU4oJ,10221060025338109378,Directed,271,,,1
13651684186041556957,6901975809312717060,Directed,272,,,1
2218854543622027611,10575618967084374810,Directed,273,,,1
ij7yaqunP1MJ,2218854543622027611,Directed,274,,,1
tYVMAEy3plYJ,2218854543622027611,Directed,275,,,1
RJdQPGOIm6AJ,2218854543622027611,Directed,276,,,1
9263621363263458870,2218854543622027611,Directed,277,,,1
8079307265424092608,10575618967084374810,Directed,278,,,1
9048007972226206108,8079307265424092608,Directed,279,,,1
12774994153875215127,8079307265424092608,Directed,280,,,1
9673844378627823966,8079307265424092608,Directed,281,,,1
3773388606741076067,8079307265424092608,Directed,282,,,1
B0vUJz0Nr8QJ,8079307265424092608,Directed,283,,,1
16622270771508501611,8079307265424092608,Directed,284,,,1
3962419818741466659,8079307265424092608,Directed,285,,,1
14493220931114806974,10575618967084374810,Directed,286,,,1
11392984127650899484,14493220931114806974,Directed,287,,,1
NZQzJk6Vv_UJ,14493220931114806974,Directed,288,,,1
gybTbCmEpogJ,14493220931114806974,Directed,289,,,1
mvyfxNpxW78J,14493220931114806974,Directed,290,,,1
16244725519866209666,14493220931114806974,Directed,291,,,1
17454205138871003693,14493220931114806974,Directed,292,,,1
13741835341865001304,14493220931114806974,Directed,293,,,1
3191250871139116612,10575618967084374810,Directed,294,,,1
9240958660915755406,3191250871139116612,Directed,295,,,1
10898930036013698235,3191250871139116612,Directed,296,,,1
17724337107412155843,3191250871139116612,Directed,297,,,1
11049424781240180293,3191250871139116612,Directed,298,,,1
7284947202440320847,3191250871139116612,Directed,299,,,1
16375745284448186373,3191250871139116612,Directed,300,,,1
16375745284448186373,10575618967084374810,Directed,301,,,1
618770431331120268,3191250871139116612,Directed,302,,,1
618770431331120268,16375745284448186373,Directed,303,,,1
17778650363358987709,3191250871139116612,Directed,304,,,1
7484142400681481672,3191250871139116612,Directed,305,,,1
12751994905756308352,3191250871139116612,Directed,306,,,1
12751994905756308352,16375745284448186373,Directed,307,,,1
13797862758899098117,3191250871139116612,Directed,308,,,1
2267613048701845030,3191250871139116612,Directed,309,,,1
10926730156305316797,3191250871139116612,Directed,310,,,1
8030676644334707450,3191250871139116612,Directed,311,,,1
4658417522121624587,3191250871139116612,Directed,312,,,1
5887002388663824448,3191250871139116612,Directed,313,,,1
8256403678218764182,3191250871139116612,Directed,314,,,1
1863886795607728336,3191250871139116612,Directed,315,,,1
1792006622598008470,3191250871139116612,Directed,316,,,1
13696249895572660908,3191250871139116612,Directed,317,,,1
8880684432786603943,3191250871139116612,Directed,318,,,1
12901439464541202233,3191250871139116612,Directed,319,,,1
9803481372606156705,3191250871139116612,Directed,320,,,1
7631821774852456132,3191250871139116612,Directed,321,,,1
aG6rNX9up_MJ,3191250871139116612,Directed,322,,,1
12092099270332716650,3191250871139116612,Directed,323,,,1
dVo7QSKBk3QJ,3191250871139116612,Directed,324,,,1
gSWiYwzScLUJ,3191250871139116612,Directed,325,,,1
q916a8IEsEwJ,3191250871139116612,Directed,326,,,1
LG_Th0BXkmoJ,3191250871139116612,Directed,327,,,1
qqt8iKnlpBgJ,3191250871139116612,Directed,328,,,1
4413591761089192319,3191250871139116612,Directed,329,,,1
6331467685858214513,3191250871139116612,Directed,330,,,1
OU1LoTBd7pYJ,3191250871139116612,Directed,331,,,1
gvHIsEwHnQ0J,3191250871139116612,Directed,332,,,1
P24vvCBaT2oJ,3191250871139116612,Directed,333,,,1
Z2scwSNkFI8J,3191250871139116612,Directed,334,,,1
Z2scwSNkFI8J,16375745284448186373,Directed,335,,,1
14319330507940938688,3191250871139116612,Directed,336,,,1
9824501719363646669,3191250871139116612,Directed,337,,,1
664216382872864215,3191250871139116612,Directed,338,,,1
664216382872864215,6124655438337644040,Directed,339,,,1
pycf9vyTt-kJ,3191250871139116612,Directed,340,,,1
sTMP_pkUnIUJ,3191250871139116612,Directed,341,,,1
gn9WCkLjQA4J,3191250871139116612,Directed,342,,,1
HuP8p9esDZ8J,3191250871139116612,Directed,343,,,1
16084356933175705347,10575618967084374810,Directed,344,,,1
15688563768543856521,16084356933175705347,Directed,345,,,1
12606693737432167909,16084356933175705347,Directed,346,,,1
12690184533879196362,16084356933175705347,Directed,347,,,1
4239150250758806263,16084356933175705347,Directed,348,,,1
17553741049013655776,16084356933175705347,Directed,349,,,1
12033703915973729644,16084356933175705347,Directed,350,,,1
11850113799769275577,16084356933175705347,Directed,351,,,1
6559784609472427060,16084356933175705347,Directed,352,,,1
2038297115897422995,16084356933175705347,Directed,353,,,1
5881657357070374324,16084356933175705347,Directed,354,,,1
8711582314467312275,16084356933175705347,Directed,355,,,1
15649271609065313245,16084356933175705347,Directed,356,,,1
3887353719648465272,16084356933175705347,Directed,357,,,1
9850269907163863218,16084356933175705347,Directed,358,,,1
15609217192766686477,16084356933175705347,Directed,359,,,1
7721112457760060168,16084356933175705347,Directed,360,,,1
10728912248349311941,16084356933175705347,Directed,361,,,1
3813343622084010473,16084356933175705347,Directed,362,,,1
1893084831705136194,16084356933175705347,Directed,363,,,1
ZBn0IlP5m-EJ,16084356933175705347,Directed,364,,,1
5fs-L_5avg8J,16084356933175705347,Directed,365,,,1
10699921402593561004,16084356933175705347,Directed,366,,,1
jdAfOpMvNpAJ,16084356933175705347,Directed,367,,,1
4125134828350887916,16084356933175705347,Directed,368,,,1
13204266251315776381,16084356933175705347,Directed,369,,,1
15167021302987323060,16084356933175705347,Directed,370,,,1
1xi_TN3E0J4J,16084356933175705347,Directed,371,,,1
12941034814388607919,16084356933175705347,Directed,372,,,1
Ahymajmc6sEJ,16084356933175705347,Directed,373,,,1
m7BwbpjQ8TcJ,16084356933175705347,Directed,374,,,1
coWKd9_xG3MJ,16084356933175705347,Directed,375,,,1
13232138519857084610,16084356933175705347,Directed,376,,,1
10713369857173559746,16084356933175705347,Directed,377,,,1
1170496573271521480,16084356933175705347,Directed,378,,,1
17667749773264011779,16084356933175705347,Directed,379,,,1
4512563119880490048,16084356933175705347,Directed,380,,,1
383440789449169724,16084356933175705347,Directed,381,,,1
5hX72R0w1XQJ,16084356933175705347,Directed,382,,,1
3672332036988253939,16084356933175705347,Directed,383,,,1
rQIH8chBwxQJ,16084356933175705347,Directed,384,,,1
16562026337058453496,16084356933175705347,Directed,385,,,1
7766530466050859097,4551366783092847244,Directed,386,,,1
8749197368752074039,7509802387459329838,Directed,387,,,1
217093258817618294,7509802387459329838,Directed,388,,,1
11816422534377848096,7509802387459329838,Directed,389,,,1
15383072171849069788,7509802387459329838,Directed,390,,,1
9040213742164953827,7509802387459329838,Directed,391,,,1
L4VzpMgX1MsJ,7509802387459329838,Directed,392,,,1
13681241738281527623,7509802387459329838,Directed,393,,,1
yELtByY3QmIJ,7509802387459329838,Directed,394,,,1
2632516447855255048,7509802387459329838,Directed,395,,,1
1631698060014566152,10221060025338109378,Directed,396,,,1
3602719517624494465,10221060025338109378,Directed,397,,,1
16465337099623837968,10221060025338109378,Directed,398,,,1
18407626462773955942,10221060025338109378,Directed,399,,,1
9787406797453358419,10221060025338109378,Directed,400,,,1
15412706392826371014,10221060025338109378,Directed,401,,,1
17237013534317628569,10221060025338109378,Directed,402,,,1
532815402594607506,10221060025338109378,Directed,403,,,1
13137859313518228836,10221060025338109378,Directed,404,,,1
6622122337888296576,10221060025338109378,Directed,405,,,1
10541381051908313783,10221060025338109378,Directed,406,,,1
15462233923063406843,10221060025338109378,Directed,407,,,1
541819752755947450,10221060025338109378,Directed,408,,,1
8888487290436466098,10221060025338109378,Directed,409,,,1
17407188261064603948,10221060025338109378,Directed,410,,,1
Fuy9HMnGcQMJ,10221060025338109378,Directed,411,,,1
7450556193687777859,10221060025338109378,Directed,412,,,1
76T0J0BSy_4J,10221060025338109378,Directed,413,,,1
CUPSKxT4kz4J,10221060025338109378,Directed,414,,,1
4568500655618481491,10221060025338109378,Directed,415,,,1
33GiM8bDPmcJ,10221060025338109378,Directed,416,,,1
VZSnRgPdMkQJ,10221060025338109378,Directed,417,,,1
15479079603895035786,10221060025338109378,Directed,418,,,1
hzuVW0l5dTYJ,10221060025338109378,Directed,419,,,1
8942697562029969624,10221060025338109378,Directed,420,,,1
11-ieHE2QzkJ,10221060025338109378,Directed,421,,,1
15424215542477993373,10221060025338109378,Directed,422,,,1
15424215542477993373,9573741475160315529,Directed,423,,,1
2293353199829989169,10221060025338109378,Directed,424,,,1
vFg7rmEGR68J,10221060025338109378,Directed,425,,,1
5FqIvxMseBMJ,10221060025338109378,Directed,426,,,1
1927908516338833868,10221060025338109378,Directed,427,,,1
4800869564564516215,10221060025338109378,Directed,428,,,1
q2OW5EbkBBAJ,10221060025338109378,Directed,429,,,1
Wm7e9vB195kJ,10221060025338109378,Directed,430,,,1
13060448505690412099,10221060025338109378,Directed,431,,,1
1224530167563996122,10221060025338109378,Directed,432,,,1
5708836110685924611,10221060025338109378,Directed,433,,,1
0cy1ZTHsthEJ,10221060025338109378,Directed,434,,,1
2260575296733298083,10575618967084374810,Directed,435,,,1
5146446489252507990,10575618967084374810,Directed,436,,,1
9176878870481038417,10575618967084374810,Directed,437,,,1
5753622913140409934,9176878870481038417,Directed,438,,,1
15584774412562524340,9176878870481038417,Directed,439,,,1
JTues9u53JEJ,10575618967084374810,Directed,440,,,1
9156545252314658896,10575618967084374810,Directed,441,,,1
10274097970443837016,9156545252314658896,Directed,442,,,1
3907335731842797004,9156545252314658896,Directed,443,,,1
11244877948737871795,9156545252314658896,Directed,444,,,1
11602963880043114141,9156545252314658896,Directed,445,,,1
14637998058911272012,9156545252314658896,Directed,446,,,1
46101218052017766,9156545252314658896,Directed,447,,,1
2929733857833152263,9156545252314658896,Directed,448,,,1
9977059079968893421,9156545252314658896,Directed,449,,,1
4769802490322339004,9156545252314658896,Directed,450,,,1
4297229609928880685,9156545252314658896,Directed,451,,,1
3825018884331388507,9156545252314658896,Directed,452,,,1
13414530981249792180,9156545252314658896,Directed,453,,,1
13414530981249792180,6171766312584743102,Directed,454,,,1
3560330427015575408,9156545252314658896,Directed,455,,,1
3218173666646657596,9156545252314658896,Directed,456,,,1
10730595905757764226,9156545252314658896,Directed,457,,,1
11647055821427323995,9156545252314658896,Directed,458,,,1
hkc6FdIDNhMJ,9156545252314658896,Directed,459,,,1
5288939174132569017,9156545252314658896,Directed,460,,,1
cBm0SGPbU-8J,9156545252314658896,Directed,461,,,1
1339379732888407059,9156545252314658896,Directed,462,,,1
12048913487158015787,9156545252314658896,Directed,463,,,1
Y8wQrRCw_1YJ,9156545252314658896,Directed,464,,,1
2450209017911179856,9156545252314658896,Directed,465,,,1
3141986236301683033,9156545252314658896,Directed,466,,,1
6693097924640056936,9156545252314658896,Directed,467,,,1
msn-1XDiov0J,9156545252314658896,Directed,468,,,1
13655799980407886070,6124655438337644040,Directed,469,,,1
1704638224723949584,10575618967084374810,Directed,470,,,1
9464808093157576868,1704638224723949584,Directed,471,,,1
14777682668928701949,1704638224723949584,Directed,472,,,1
5098919673735177157,1704638224723949584,Directed,473,,,1
7879358061591148735,1704638224723949584,Directed,474,,,1
12631556409374723446,1704638224723949584,Directed,475,,,1
12759817364823812204,1704638224723949584,Directed,476,,,1
9182777193115060310,1704638224723949584,Directed,477,,,1
10197675229984904132,1704638224723949584,Directed,478,,,1
17480371746713996607,1704638224723949584,Directed,479,,,1
13132453363328298885,1704638224723949584,Directed,480,,,1
11233908594801977802,1704638224723949584,Directed,481,,,1
17702622954584343712,1704638224723949584,Directed,482,,,1
CaCwEYO_B_QJ,1704638224723949584,Directed,483,,,1
jJOwO8AwiMMJ,1704638224723949584,Directed,484,,,1
gy_iVv-yia4J,1704638224723949584,Directed,485,,,1
gy_iVv-yia4J,2177446684721031650,Directed,486,,,1
7474145942111142236,1704638224723949584,Directed,487,,,1
fgseeRWmZtkJ,1704638224723949584,Directed,488,,,1
3629431445432425039,1704638224723949584,Directed,489,,,1
wN4-mmOkZNgJ,1704638224723949584,Directed,490,,,1
axy4qAUqFDwJ,1704638224723949584,Directed,491,,,1
uvFqrEdE4-cJ,1704638224723949584,Directed,492,,,1
26073950498081237,1704638224723949584,Directed,493,,,1
lZLMu7kA3I0J,1704638224723949584,Directed,494,,,1
9QaxwF7xQCUJ,1704638224723949584,Directed,495,,,1
9QaxwF7xQCUJ,2177446684721031650,Directed,496,,,1
6720458721422933045,1704638224723949584,Directed,497,,,1
1117312187527501762,1704638224723949584,Directed,498,,,1
8467022806156652019,1704638224723949584,Directed,499,,,1
18008873243670460947,1704638224723949584,Directed,500,,,1
zJ-x0P-5XEQJ,1704638224723949584,Directed,501,,,1
zJ-x0P-5XEQJ,6171766312584743102,Directed,502,,,1
zJ-x0P-5XEQJ,10575618967084374810,Directed,503,,,1
Y3bh7NZQYh4J,1704638224723949584,Directed,504,,,1
nBYo-BbEUe8J,1704638224723949584,Directed,505,,,1
5999161918983255010,1704638224723949584,Directed,506,,,1
9573741475160315529,10575618967084374810,Directed,507,,,1
3979016460563849882,9573741475160315529,Directed,508,,,1
14665601486215239363,9573741475160315529,Directed,509,,,1
15512191466387778477,10575618967084374810,Directed,510,,,1
16429197175813610266,15512191466387778477,Directed,511,,,1
13589803295000237699,15512191466387778477,Directed,512,,,1
17965813755666492436,15512191466387778477,Directed,513,,,1
10926665623451268655,15512191466387778477,Directed,514,,,1
17695774050381777873,15512191466387778477,Directed,515,,,1
15025823784750839307,15512191466387778477,Directed,516,,,1
16421089274512260702,15512191466387778477,Directed,517,,,1
NxSncQxoxOYJ,15512191466387778477,Directed,518,,,1
dUrvcaJFfssJ,15512191466387778477,Directed,519,,,1
b8vppZ66CacJ,15512191466387778477,Directed,520,,,1
15239055100279221190,15512191466387778477,Directed,521,,,1
18026966282528046264,15512191466387778477,Directed,522,,,1
12274247324650984798,15512191466387778477,Directed,523,,,1
11313034837014087776,10575618967084374810,Directed,524,,,1
18152448035730077295,11313034837014087776,Directed,525,,,1
672343986585772759,11313034837014087776,Directed,526,,,1
672343986585772759,2177446684721031650,Directed,527,,,1
17816829550902193842,11313034837014087776,Directed,528,,,1
1378158167377428543,6171766312584743102,Directed,529,,,1
3uZzKOPUqJcJ,6171766312584743102,Directed,530,,,1
8742569325172169106,6171766312584743102,Directed,531,,,1
8636462038380938711,6171766312584743102,Directed,532,,,1
303086442064940232,6171766312584743102,Directed,533,,,1
4919735183611301730,6171766312584743102,Directed,534,,,1
-ef5oPL_L0gJ,6171766312584743102,Directed,535,,,1
utsau5zdu4IJ,6171766312584743102,Directed,536,,,1
5795247711334351892,6171766312584743102,Directed,537,,,1
EJbr9YeN8jYJ,6171766312584743102,Directed,538,,,1
3014381968893615343,16375745284448186373,Directed,539,,,1
2662633335460110971,16375745284448186373,Directed,540,,,1
5256978169193666257,16375745284448186373,Directed,541,,,1
13774891681612752042,16375745284448186373,Directed,542,,,1
8506511226467574582,16375745284448186373,Directed,543,,,1
4990963933875825876,16375745284448186373,Directed,544,,,1
17126380748542347970,16375745284448186373,Directed,545,,,1
16129223777445642433,16375745284448186373,Directed,546,,,1
140893232039561,16375745284448186373,Directed,547,,,1
WAQ9AvUmFe0J,16375745284448186373,Directed,548,,,1
Gw04RQvO7qoJ,16375745284448186373,Directed,549,,,1
iJa3bqrQ-QEJ,16375745284448186373,Directed,550,,,1
BJhXsxwnwkIJ,16375745284448186373,Directed,551,,,1
IKR6xibus3IJ,16375745284448186373,Directed,552,,,1
5268014392504802816,10575618967084374810,Directed,553,,,1
11909444408160110392,5268014392504802816,Directed,554,,,1
9196553057066780040,5268014392504802816,Directed,555,,,1
1456783235298875161,5268014392504802816,Directed,556,,,1
778513674035172301,5268014392504802816,Directed,557,,,1
12838724947359177030,5268014392504802816,Directed,558,,,1
6452896168344381435,5268014392504802816,Directed,559,,,1
1333508157537405431,5268014392504802816,Directed,560,,,1
15956761581058922520,5268014392504802816,Directed,561,,,1
4315467127019261162,5268014392504802816,Directed,562,,,1
18073185461640399860,5268014392504802816,Directed,563,,,1
11361166960166906213,5268014392504802816,Directed,564,,,1
10544914439014775948,5268014392504802816,Directed,565,,,1
v4U7ZqWQ1wMJ,5268014392504802816,Directed,566,,,1
10609919411470051965,5268014392504802816,Directed,567,,,1
3759910607090401809,5268014392504802816,Directed,568,,,1
13462514270535997162,5268014392504802816,Directed,569,,,1
15927676996112941984,5268014392504802816,Directed,570,,,1
11900120661723299486,5268014392504802816,Directed,571,,,1
7284266693110943651,10575618967084374810,Directed,572,,,1
11988723726201814481,7284266693110943651,Directed,573,,,1
14681536257612352476,7284266693110943651,Directed,574,,,1
4112279716774248489,10575618967084374810,Directed,575,,,1
11235290261775436541,4112279716774248489,Directed,576,,,1
11235290261775436541,12251813603878232589,Directed,577,,,1
335637922053511562,4112279716774248489,Directed,578,,,1
5793179066701714654,4112279716774248489,Directed,579,,,1
10733217746355259372,4112279716774248489,Directed,580,,,1
3065619792750685333,4112279716774248489,Directed,581,,,1
zqfijuH_SugJ,4112279716774248489,Directed,582,,,1
1324812514633621909,10575618967084374810,Directed,583,,,1
14971830085584432775,1324812514633621909,Directed,584,,,1
14971830085584432775,7611346121270560465,Directed,585,,,1
7247333704581532613,1324812514633621909,Directed,586,,,1
4783004216710719462,1324812514633621909,Directed,587,,,1
11824467507503189427,1324812514633621909,Directed,588,,,1
15113988319799120184,1324812514633621909,Directed,589,,,1
12154781696096135388,1324812514633621909,Directed,590,,,1
10735993327945812579,1324812514633621909,Directed,591,,,1
3taV8qm2lXsJ,1324812514633621909,Directed,592,,,1
3taV8qm2lXsJ,7611346121270560465,Directed,593,,,1
1127886669662459178,1007530986899796017,Directed,594,,,1
13936669180420648344,1007530986899796017,Directed,595,,,1
12251813603878232589,10575618967084374810,Directed,596,,,1
14641077309573876827,12251813603878232589,Directed,597,,,1
9616867660157182505,12251813603878232589,Directed,598,,,1
9999588093214012889,12251813603878232589,Directed,599,,,1
10284827003523705039,12251813603878232589,Directed,600,,,1
16231604702598238808,12251813603878232589,Directed,601,,,1
13909080446711373642,12251813603878232589,Directed,602,,,1
wRjlJxa6x_kJ,12251813603878232589,Directed,603,,,1
6792701482230567981,12251813603878232589,Directed,604,,,1
_p01aIeIfIMJ,12251813603878232589,Directed,605,,,1
hQVFdvZluSYJ,12251813603878232589,Directed,606,,,1
1mNE01EXVQwJ,12251813603878232589,Directed,607,,,1
8874671909353148672,12251813603878232589,Directed,608,,,1
12440805168198165345,10575618967084374810,Directed,609,,,1
3388380107615685561,12440805168198165345,Directed,610,,,1
1672083176572513007,12440805168198165345,Directed,611,,,1
11113200785309166852,12440805168198165345,Directed,612,,,1
18091189003391936043,12440805168198165345,Directed,613,,,1
7818109191211666038,12440805168198165345,Directed,614,,,1
17590157327393830412,12440805168198165345,Directed,615,,,1
oShdzq5qrnMJ,12440805168198165345,Directed,616,,,1
12594920976889590685,12440805168198165345,Directed,617,,,1
11937687149020541939,10575618967084374810,Directed,618,,,1
12684696763412783767,11937687149020541939,Directed,619,,,1
hKlAnX0cPocJ,11937687149020541939,Directed,620,,,1
3299323253008480286,11937687149020541939,Directed,621,,,1
1443341785787302202,10575618967084374810,Directed,622,,,1
3312378120203640432,10575618967084374810,Directed,623,,,1
842638264346283615,10575618967084374810,Directed,624,,,1
14730314053149352442,842638264346283615,Directed,625,,,1
2177446684721031650,10575618967084374810,Directed,626,,,1
3571668484466834936,2177446684721031650,Directed,627,,,1
172489636957014370,2177446684721031650,Directed,628,,,1
d_n7THs8oKUJ,2177446684721031650,Directed,629,,,1
12843521356581635621,10575618967084374810,Directed,630,,,1
17612772460358866561,12843521356581635621,Directed,631,,,1
QjJZ6N7V5REJ,12843521356581635621,Directed,632,,,1
eGPtwhCzeucJ,10575618967084374810,Directed,633,,,1
9545196374893363076,10575618967084374810,Directed,634,,,1
12692242102255436583,9545196374893363076,Directed,635,,,1
11824177015781787316,9545196374893363076,Directed,636,,,1
9655662266763983872,9545196374893363076,Directed,637,,,1
5251885261015743707,9545196374893363076,Directed,638,,,1
7611346121270560465,10575618967084374810,Directed,639,,,1
9551714549848246839,7611346121270560465,Directed,640,,,1
gaCvc7Se5WYJ,10575618967084374810,Directed,641,,,1
8160757666493175967,10575618967084374810,Directed,642,,,1
nFIfPCI5x8AJ,8160757666493175967,Directed,643,,,1
SFYmIgrBxHYJ,8160757666493175967,Directed,644,,,1
2118066409001104303,10575618967084374810,Directed,645,,,1
9050625744698507536,10575618967084374810,Directed,646,,,1
13818771192385127243,9050625744698507536,Directed,647,,,1
7222330853997567888,9050625744698507536,Directed,648,,,1
_zNBs9sTWE0J,9050625744698507536,Directed,649,,,1
11344872067853527208,9050625744698507536,Directed,650,,,1
NBKW24vMlrQJ,9050625744698507536,Directed,651,,,1
USy-hugulCAJ,9050625744698507536,Directed,652,,,1
4968166046822105866,10575618967084374810,Directed,653,,,1
PuLPAZOJ8soJ,10575618967084374810,Directed,654,,,1
2249383546913550047,10575618967084374810,Directed,655,,,1
4934036191723410119,2249383546913550047,Directed,656,,,1
9518324465319438838,10575618967084374810,Directed,657,,,1
16235964181274836508,10575618967084374810,Directed,658,,,1
